direccion,destinatario,telefono,peso_kg,notas
Av. Larco 1301, Miraflores, Lima,Carlos Mendoza,+51987654321,2.5,Entregar en recepción
Av. Benavides 3450, Miraflores, Lima,Ana Torres,+51976543210,1.8,Llamar antes de llegar
Av. Angamos Oeste 1200, Miraflores, Lima,Luis Pérez,+51965432109,3.2,Dejar con portero
Av. Petit Thouars 4550, Miraflores, Lima,María García,+51954321098,0.9,Solo mañanas
Av. Arequipa 3600, San Isidro, Lima,Roberto Silva,+51943210987,4.1,Empresa - piso 5
Calle Las Begonias 441, San Isidro, Lima,Patricia Rios,+51932109876,1.5,Oficina 302
Av. Javier Prado Este 1200, San Isidro, Lima,Jorge Castillo,+51921098765,2.0,Recepción principal
Av. Rivera Navarrete 765, San Isidro, Lima,Carmen Vega,+51910987654,3.8,Pedir por Fernando
Av. Salaverry 2700, Jesús María, Lima,Diego Flores,+51909876543,1.2,Portería lateral
Av. Brasil 2400, Pueblo Libre, Lima,Sandra López,+51998765432,5.0,Fragil - cuidado
